{"cameraMode":{"drawMode":0,"name":"Shaded","section":"Shading Mode"},"sceneLighting":false,"audioPlay":false,"sceneViewState":{"showFog":true,"showMaterialUpdate":false,"showSkybox":false,"showFlares":true,"showImageEffects":true,"showParticleSystems":true},"in2DMode":false,"pivot":{"x":-0.15744522213935853,"y":0.028478043153882028,"z":-0.0005089491605758667},"rotation":{"x":-0.30034688115119936,"y":-0.6348786354064941,"z":0.29409363865852358,"w":-0.6483425498008728},"size":1.0605257749557496,"orthographic":false}