{"cameraMode":{"drawMode":0,"name":"Shaded","section":"Shading Mode"},"sceneLighting":true,"audioPlay":false,"sceneViewState":{"showFog":true,"showMaterialUpdate":false,"showSkybox":true,"showFlares":true,"showImageEffects":true,"showParticleSystems":true},"in2DMode":false,"pivot":{"x":234.13270568847657,"y":81.51449584960938,"z":130.16571044921876},"rotation":{"x":0.6871461868286133,"y":0.00927477702498436,"z":-0.015067334286868573,"w":0.72853022813797},"size":90.37210083007813,"orthographic":false}