{"cameraMode":{"drawMode":0,"name":"Shaded","section":"Shading Mode"},"sceneLighting":true,"audioPlay":false,"sceneViewState":{"showFog":true,"showMaterialUpdate":false,"showSkybox":true,"showFlares":true,"showImageEffects":true,"showParticleSystems":true},"in2DMode":false,"pivot":{"x":185.64852905273438,"y":73.18563842773438,"z":181.77944946289063},"rotation":{"x":-0.4939616918563843,"y":0.11189842224121094,"z":-0.05463406443595886,"w":-0.8621488213539124},"size":120.68669891357422,"orthographic":false}